,k,sigma,epsilon,Error
0,5,4.0,,1284.0011554066812
1,4,4.0,,1211.443246342334
2,5,4.0,,5496.024329587053
3,4,4.0,,14419.13650876325
4,8,4.0,,24784.125052543728
5,4,4.0,,1941.7608109701725
6,4,4.0,,927.2431229406276
7,4,4.0,,5146.42566370455
8,4,13.0,,2713.451796985246
9,5,4.0,,1070.9826571603728
