,k,sigma,epsilon,Error
0,4,,,0.08333333333333326
1,4,,,0.0
2,4,,,0.0
3,4,,,0.0
4,4,,,0.02951388888888884
5,4,,,0.05634920634920637
6,4,,,0.05718954248366015
7,4,,,0.05634920634920637
8,4,,,0.0505050505050505
9,4,,,0.0
