,Fold,k,sigma,epsilon,Error
0,0,4,,,0.0180124223602484
1,0,5,,,0.0180124223602484
2,0,6,,,0.0180124223602484
3,0,7,,,0.0180124223602484
4,0,8,,,0.0351190476190477
5,1,4,,,0.0351190476190477
6,1,5,,,0.0180124223602484
7,1,6,,,0.0351190476190477
8,1,7,,,0.0351190476190477
9,1,8,,,0.0351190476190477
10,2,4,,,0.0351190476190477
11,2,5,,,0.0180124223602484
12,2,6,,,0.0351190476190477
13,2,7,,,0.0180124223602484
14,2,8,,,0.0351190476190477
15,3,4,,,0.0351190476190477
16,3,5,,,0.0351190476190477
17,3,6,,,0.0351190476190477
18,3,7,,,0.0351190476190477
19,3,8,,,0.0351190476190477
20,4,4,,,0.0351190476190477
21,4,5,,,0.0351190476190477
22,4,6,,,0.0351190476190477
23,4,7,,,0.0351190476190477
24,4,8,,,0.0351190476190477
25,5,4,,,0.0351190476190477
26,5,5,,,0.0180124223602484
27,5,6,,,0.0351190476190477
28,5,7,,,0.0180124223602484
29,5,8,,,0.0351190476190477
30,6,4,,,0.0351190476190477
31,6,5,,,0.0180124223602484
32,6,6,,,0.0351190476190477
33,6,7,,,0.0180124223602484
34,6,8,,,0.0351190476190477
35,7,4,,,0.0351190476190477
36,7,5,,,0.0180124223602484
37,7,6,,,0.0351190476190477
38,7,7,,,0.0180124223602484
39,7,8,,,0.0351190476190477
40,8,4,,,0.0351190476190477
41,8,5,,,0.0180124223602484
42,8,6,,,0.0351190476190477
43,8,7,,,0.0180124223602484
44,8,8,,,0.0351190476190477
45,9,4,,,0.035119047619047716
46,9,5,,,0.01801242236024847
47,9,6,,,0.035119047619047716
48,9,7,,,0.01801242236024847
49,9,8,,,0.035119047619047716
