,k,sigma,epsilon,Error
0,4,4.0,,1299.4880760994026
1,4,4.0,,1977.9630321788713
2,4,4.0,,3096.3672384696724
3,4,4.0,,2521.1641485433092
4,4,4.0,,489.446782768953
5,4,13.0,,5631.087102757578
6,4,4.0,,5530.943932580592
7,4,4.0,,4652.864291321235
8,4,4.0,,874.1898357968425
9,4,4.0,,3423.352813561971
