,k,sigma,epsilon,Error
0,5,4.0,2.0,3127.7997248795227
1,5,4.0,2.0,687.6149591485103
2,5,4.0,2.0,553.6637637944079
3,5,4.0,2.0,1463.3979138805225
4,5,4.0,2.0,1164.530724670179
5,5,4.0,2.0,4124.100793242739
6,5,4.0,2.0,2991.9599467572275
7,5,4.0,2.0,3187.1914507499023
8,8,4.0,2.0,6953.290570613997
9,5,4.0,2.0,5793.625846312282
