,Fold,k,sigma,Error
0,0,4,,0.47670454545454544
1,0,5,,0.4914529914529915
2,0,6,,0.44999999999999996
3,0,7,,0.4630681818181819
4,0,8,,0.5018939393939393
5,1,4,,0.49169580419580416
6,1,5,,0.487012987012987
7,1,6,,0.5416666666666667
8,1,7,,0.381737012987013
9,1,8,,0.29292929292929293
10,2,4,,0.6098484848484849
11,2,5,,0.5190642690642691
12,2,6,,0.45366161616161627
13,2,7,,0.4803571428571428
14,2,8,,0.5555555555555556
15,3,4,,0.4642857142857142
16,3,5,,0.5023809523809524
17,3,6,,0.4337121212121212
18,3,7,,0.4078282828282829
19,3,8,,0.6767676767676768
20,4,4,,0.7422459893048128
21,4,5,,0.5
22,4,6,,0.5119949494949495
23,4,7,,0.3971380471380471
24,4,8,,0.5723304473304474
25,5,4,,0.5852758352758353
26,5,5,,0.3855218855218856
27,5,6,,0.4487179487179487
28,5,7,,0.5366161616161615
29,5,8,,0.5662878787878788
30,6,4,,
31,6,5,,
32,6,6,,
33,6,7,,
34,6,8,,
35,7,4,,
36,7,5,,
37,7,6,,
38,7,7,,
39,7,8,,
40,8,4,,
41,8,5,,
42,8,6,,
43,8,7,,
44,8,8,,
45,9,4,,
46,9,5,,
47,9,6,,
48,9,7,,
49,9,8,,
