,k,sigma,epsilon,Error
0,4,3.0,8.0,4.155369449192335
1,4,3.0,8.0,3.6110894254429167
2,4,3.0,8.0,0.9169928574521449
3,4,4.0,8.0,4.869411478348609
4,4,3.0,8.0,8.665802897368375
5,5,3.0,8.0,15.294520650462646
6,4,4.0,8.0,12.900454759265685
7,4,3.0,8.0,20.69296270485788
8,4,4.0,8.0,1.9065682987289705
9,4,4.0,8.0,0.17904750627677968
