,k,sigma,epsilon,Error
0,8,4.0,,4.279998913555473
1,8,4.0,,5.3888816132538455
2,8,4.0,,4.9210127828882255
3,7,4.0,,4.840471904708285
4,8,4.0,,5.638111006138939
5,7,4.0,,4.827837207349466
6,8,4.0,,5.194876072173037
7,8,4.0,,4.864881448063894
8,8,4.0,,5.181835833601643
9,8,4.0,,4.317635451292264
